{
  "IcoMoonType": "selection",
  "icons": [
    {
      "icon": {
        "paths": [
          "M854 682v-512h-684v598l86-86h598zM854 86c46 0 84 38 84 84v512c0 46-38 86-84 86h-598l-170 170v-768c0-46 38-84 84-84h684z"
        ],
        "attrs": [],
        "isMulticolor": false,
        "isMulticolor2": false,
        "tags": [
          "chat_bubble_outline"
        ],
        "defaultCode": 57547,
        "grid": 24
      },
      "attrs": [],
      "properties": {
        "ligatures": "chat_bubble_outline",
        "id": 147,
        "order": 43,
        "prevSize": 24,
        "code": 57547,
        "name": "chat_bubble_outline"
      },
      "setIdx": 0,
      "setId": 3,
      "iconIdx": 147
    },
    {
      "icon": {
        "paths": [
          "M810 274l-238 238 238 238-60 60-238-238-238 238-60-60 238-238-238-238 60-60 238 238 238-238z"
        ],
        "attrs": [],
        "isMulticolor": false,
        "isMulticolor2": false,
        "tags": [
          "close"
        ],
        "defaultCode": 58829,
        "grid": 24
      },
      "attrs": [],
      "properties": {
        "ligatures": "clear, close",
        "id": 157,
        "order": 32,
        "prevSize": 24,
        "code": 58829,
        "name": "close"
      },
      "setIdx": 0,
      "setId": 3,
      "iconIdx": 157
    },
    {
      "icon": {
        "paths": [
          "M512 342l256 256-60 60-196-196-196 196-60-60z"
        ],
        "attrs": [],
        "isMulticolor": false,
        "isMulticolor2": false,
        "tags": [
          "expand_less"
        ],
        "defaultCode": 58830,
        "grid": 24
      },
      "attrs": [],
      "properties": {
        "ligatures": "expand_less",
        "id": 255,
        "order": 31,
        "prevSize": 24,
        "code": 58830,
        "name": "expand_less"
      },
      "setIdx": 0,
      "setId": 3,
      "iconIdx": 255
    },
    {
      "icon": {
        "paths": [
          "M768 342v-86h-512v86h512zM768 470v-86h-512v86h512zM768 598v-86h-512v86h512zM854 86c46 0 84 38 84 84v768l-170-170h-598c-46 0-84-40-84-86v-512c0-46 38-84 84-84h684z"
        ],
        "attrs": [],
        "isMulticolor": false,
        "isMulticolor2": false,
        "tags": [
          "insert_comment"
        ],
        "defaultCode": 57932,
        "grid": 24
      },
      "attrs": [],
      "properties": {
        "ligatures": "insert_comment",
        "id": 403,
        "order": 33,
        "prevSize": 24,
        "code": 57932,
        "name": "insert_comment"
      },
      "setIdx": 0,
      "setId": 3,
      "iconIdx": 403
    },
    {
      "icon": {
        "paths": [
          "M938 170v768l-170-170h-598c-46 0-84-40-84-86v-512c0-46 38-84 84-84h684c46 0 84 38 84 84z"
        ],
        "attrs": [],
        "isMulticolor": false,
        "isMulticolor2": false,
        "tags": [
          "mode_comment"
        ],
        "defaultCode": 57939,
        "grid": 24
      },
      "attrs": [],
      "properties": {
        "ligatures": "mode_comment",
        "id": 495,
        "order": 34,
        "prevSize": 24,
        "code": 57939,
        "name": "mode_comment"
      },
      "setIdx": 0,
      "setId": 3,
      "iconIdx": 495
    },
    {
      "icon": {
        "paths": [
          "M342 214l468 298-468 298v-596z"
        ],
        "attrs": [],
        "isMulticolor": false,
        "isMulticolor2": false,
        "tags": [
          "play_arrow"
        ],
        "defaultCode": 57399,
        "grid": 24
      },
      "attrs": [],
      "properties": {
        "ligatures": "play_arrow",
        "id": 587,
        "order": 45,
        "prevSize": 24,
        "code": 57399,
        "name": "play_arrow"
      },
      "setIdx": 0,
      "setId": 3,
      "iconIdx": 587
    },
    {
      "icon": {
        "paths": [
          "M426 704l256-192-256-192v384zM512 86c236 0 426 190 426 426s-190 426-426 426-426-190-426-426 190-426 426-426z"
        ],
        "attrs": [],
        "isMulticolor": false,
        "isMulticolor2": false,
        "tags": [
          "play_circle_filled"
        ],
        "defaultCode": 57400,
        "grid": 24
      },
      "attrs": [],
      "properties": {
        "ligatures": "play_circle_filled",
        "id": 588,
        "order": 46,
        "prevSize": 24,
        "code": 57400,
        "name": "play_circle_filled"
      },
      "setIdx": 0,
      "setId": 3,
      "iconIdx": 588
    },
    {
      "icon": {
        "paths": [
          "M512 854c188 0 342-154 342-342s-154-342-342-342-342 154-342 342 154 342 342 342zM512 86c236 0 426 190 426 426s-190 426-426 426-426-190-426-426 190-426 426-426zM426 704v-384l256 192z"
        ],
        "attrs": [],
        "isMulticolor": false,
        "isMulticolor2": false,
        "tags": [
          "play_circle_outline"
        ],
        "defaultCode": 57401,
        "grid": 24
      },
      "attrs": [],
      "properties": {
        "ligatures": "play_circle_outline",
        "id": 589,
        "order": 44,
        "prevSize": 24,
        "code": 57401,
        "name": "play_circle_outline"
      },
      "setIdx": 0,
      "setId": 3,
      "iconIdx": 589
    },
    {
      "icon": {
        "paths": [
          "M810 128h172v512h-172v-512zM640 128c46 0 86 40 86 86v426c0 24-10 44-26 60l-280 282-46-46c-12-12-18-26-18-44v-14l42-196h-270c-46 0-86-38-86-84l2-4h-2v-82c0-12 2-22 6-32l130-300c12-30 42-52 78-52h384z"
        ],
        "attrs": [],
        "isMulticolor": false,
        "isMulticolor2": false,
        "tags": [
          "thumb_down"
        ],
        "defaultCode": 59611,
        "grid": 24
      },
      "attrs": [],
      "properties": {
        "ligatures": "thumb_down",
        "id": 755,
        "order": 36,
        "prevSize": 24,
        "code": 59611,
        "name": "thumb_down"
      },
      "setIdx": 0,
      "setId": 3,
      "iconIdx": 755
    },
    {
      "icon": {
        "paths": [
          "M982 426l-2 4h2v82c0 12-2 22-6 32l-130 300c-12 30-42 52-78 52h-384c-46 0-86-40-86-86v-426c0-24 10-44 26-60l280-282 46 46c12 12 18 26 18 44v14l-42 196h270c46 0 86 38 86 84zM42 896v-512h172v512h-172z"
        ],
        "attrs": [],
        "isMulticolor": false,
        "isMulticolor2": false,
        "tags": [
          "thumb_up"
        ],
        "defaultCode": 59612,
        "grid": 24
      },
      "attrs": [],
      "properties": {
        "ligatures": "thumb_up",
        "id": 756,
        "order": 35,
        "prevSize": 24,
        "code": 59612,
        "name": "thumb_up"
      },
      "setIdx": 0,
      "setId": 3,
      "iconIdx": 756
    },
    {
      "icon": {
        "paths": [
          "M921.6 307.2v358.4c0 56.32-46.080 102.4-102.4 102.4h-204.8v153.6l-204.8-153.6h-204.8c-56.371 0-102.4-46.080-102.4-102.4v-358.4c0-56.32 46.029-102.4 102.4-102.4h614.4c56.32 0 102.4 46.080 102.4 102.4z"
        ],
        "attrs": [],
        "isMulticolor": false,
        "isMulticolor2": false,
        "tags": [
          "message"
        ],
        "grid": 20
      },
      "attrs": [],
      "properties": {
        "id": 226,
        "order": 37,
        "prevSize": 20,
        "code": 59648,
        "name": "message"
      },
      "setIdx": 1,
      "setId": 2,
      "iconIdx": 225
    },
    {
      "icon": {
        "paths": [
          "M325.222 647.066c6.81 18.227-181.197 186.061-71.526 322.099 25.651 31.795 112.691-152.32 236.288-235.622 68.147-46.029 226.816-143.923 226.816-198.042v-350.31c0-65.075-251.597-133.99-442.778-133.99-70.093 0-171.622 439.091-171.622 508.877 0 69.99 216.115 68.762 222.822 86.989zM768 642.202c33.69 0 153.6-20.48 153.6-159.898v-248.218c0-139.315-119.91-154.675-153.6-154.675-33.638 0 51.2 29.286 51.2 115.712v326.298c0 90.522-84.838 120.781-51.2 120.781z"
        ],
        "attrs": [],
        "isMulticolor": false,
        "isMulticolor2": false,
        "tags": [
          "thumbs-down"
        ],
        "grid": 20
      },
      "attrs": [],
      "properties": {
        "id": 298,
        "order": 40,
        "prevSize": 20,
        "code": 59649,
        "name": "thumbs-down"
      },
      "setIdx": 1,
      "setId": 2,
      "iconIdx": 297
    },
    {
      "icon": {
        "paths": [
          "M698.778 376.934c-6.81-18.176 181.197-186.061 71.578-322.099-25.651-31.795-112.691 152.32-236.288 235.674-68.198 45.978-226.867 143.872-226.867 197.99v350.31c0 65.075 251.597 133.99 442.778 133.99 70.093 0 171.622-439.091 171.622-508.826 0-70.042-216.115-68.813-222.822-87.040zM256 381.798c-33.69 0-153.6 20.48-153.6 159.898v248.218c0 139.315 119.91 154.675 153.6 154.675 33.638 0-51.2-29.286-51.2-115.712v-326.298c0-90.522 84.838-120.781 51.2-120.781z"
        ],
        "attrs": [],
        "isMulticolor": false,
        "isMulticolor2": false,
        "tags": [
          "thumbs-up"
        ],
        "grid": 20
      },
      "attrs": [],
      "properties": {
        "id": 299,
        "order": 39,
        "prevSize": 20,
        "code": 59650,
        "name": "thumbs-up"
      },
      "setIdx": 1,
      "setId": 2,
      "iconIdx": 298
    },
    {
      "icon": {
        "paths": [
          "M819.2 204.8h-614.4c-56.371 0-102.4 46.080-102.4 102.4v358.4c0 56.32 46.029 102.4 102.4 102.4h204.8l204.8 153.6v-153.6h204.8c56.32 0 102.4-46.080 102.4-102.4v-358.4c0-56.32-46.080-102.4-102.4-102.4zM307.2 542.72c-31.078 0-56.32-25.19-56.32-56.32s25.19-56.32 56.32-56.32 56.32 25.19 56.32 56.32c0 31.078-25.242 56.32-56.32 56.32zM512 542.72c-31.078 0-56.32-25.19-56.32-56.32s25.19-56.32 56.32-56.32 56.32 25.19 56.32 56.32c0 31.078-25.242 56.32-56.32 56.32zM716.8 542.72c-31.078 0-56.32-25.19-56.32-56.32s25.19-56.32 56.32-56.32 56.32 25.19 56.32 56.32c0 31.078-25.242 56.32-56.32 56.32z"
        ],
        "attrs": [],
        "isMulticolor": false,
        "isMulticolor2": false,
        "tags": [
          "typing"
        ],
        "grid": 20
      },
      "attrs": [],
      "properties": {
        "id": 308,
        "order": 41,
        "prevSize": 20,
        "code": 59651,
        "name": "typing"
      },
      "setIdx": 1,
      "setId": 2,
      "iconIdx": 307
    },
    {
      "icon": {
        "paths": [
          "M512 192c-54.932 0-107.988 8.662-157.694 25.742-46.712 16.054-88.306 38.744-123.628 67.444-66.214 53.798-102.678 122.984-102.678 194.814 0 40.298 11.188 79.378 33.252 116.152 22.752 37.92 56.982 72.586 98.988 100.252 30.356 19.992 50.78 51.948 56.176 87.894 1.8 11.984 2.928 24.088 3.37 36.124 7.47-6.194 14.75-12.846 21.88-19.976 24.154-24.152 56.78-37.49 90.502-37.49 5.368 0 10.762 0.336 16.156 1.024 20.974 2.666 42.398 4.020 63.676 4.020 54.934 0 107.988-8.66 157.694-25.742 46.712-16.054 88.306-38.744 123.628-67.444 66.214-53.796 102.678-122.984 102.678-194.814s-36.464-141.016-102.678-194.814c-35.322-28.698-76.916-51.39-123.628-67.444-49.706-17.080-102.76-25.742-157.694-25.742zM512 64v0c282.77 0 512 186.25 512 416 0 229.752-229.23 416-512 416-27.156 0-53.81-1.734-79.824-5.044-109.978 109.978-241.25 129.7-368.176 132.596v-26.916c68.536-33.578 128-94.74 128-164.636 0-9.754-0.758-19.33-2.164-28.696-115.796-76.264-189.836-192.754-189.836-323.304 0-229.75 229.23-416 512-416z"
        ],
        "tags": [
          "bubble",
          "comment",
          "chat",
          "talk"
        ],
        "defaultCode": 59758,
        "grid": 16,
        "attrs": []
      },
      "attrs": [],
      "properties": {
        "ligatures": "bubble2, comment2",
        "name": "bubble2",
        "order": 42,
        "id": 111,
        "prevSize": 32,
        "code": 59758
      },
      "setIdx": 2,
      "setId": 1,
      "iconIdx": 110
    }
  ],
  "height": 1024,
  "metadata": {
    "name": "icomoon"
  },
  "preferences": {
    "showGlyphs": true,
    "showQuickUse": true,
    "showQuickUse2": true,
    "showSVGs": true,
    "fontPref": {
      "prefix": "icon-",
      "metadata": {
        "fontFamily": "icomoon"
      },
      "metrics": {
        "emSize": 1024,
        "baseline": 6.25,
        "whitespace": 50
      },
      "embed": false
    },
    "imagePref": {
      "prefix": "icon-",
      "png": true,
      "useClassSelector": true,
      "color": 0,
      "bgColor": 16777215,
      "classSelector": ".icon"
    },
    "historySize": 50,
    "showCodes": true,
    "gridSize": 16
  }
}